{"ResponseStatus":{"Timestamp":"/Date(1665373622762+0800)/","Ack":"Success","Errors":[],"Extension":[{"Id":"CLOGGING_TRACE_ID","Value":"8743466487890241517"},{"Id":"RootMessageId","Value":"100025527-0a814504-462603-1690703"}]},"countryList":[{"id":100097,"name":"Sweden","enName":"Sweden","formatName":"sweden","code":"SE","geo":"60.128162,18.643501","coverImageId":"8922830","coverImageURL":"https://ak-d.tripcdn.com/images/fd/tg/g5/M07/D9/B7/CggYsFbIPeyAJAztAAL2J4rFvoE108.jpg?proc=source/trip","continentFormatName":"europe","continentName":"Europe","continentId":120002,"capitalId":"3-420","capitalName":"Stockholm","capitalCode":"STO","showName":"Sweden","showOnMap":false},{"id":100096,"name":"Iceland","enName":"Iceland","formatName":"iceland","code":"IS","geo":"64.96305,-19.020836","coverImageId":"296091595","coverImageURL":"https://ak-d.tripcdn.com/images/100u0y000000m785w3D03.jpg?proc=source/trip","continentFormatName":"europe","continentName":"Europe","continentId":120002,"capitalId":"3-831","capitalName":"Reykjavík","capitalCode":"REK","showName":"Iceland","showOnMap":false},{"id":100099,"name":"United Arab Emirates","enName":"United Arab Emirates","formatName":"united-arab-emirates","code":"AE","geo":"23.424076,53.847816","coverImageId":"7709293","coverImageURL":"https://ak-d.tripcdn.com/images/tg/715/819/016/499d89017ce44f52947675713a6cc54c.jpg?proc=source/trip","continentFormatName":"asia","continentName":"Asia","continentId":120001,"capitalId":"3-766","capitalName":"Abu Dhabi","capitalCode":"AUH","showName":"United Arab Emirates","showOnMap":false},{"id":100098,"name":"Norway","enName":"Norway","formatName":"norway","code":"NO","geo":"60.472023,8.468946","coverImageId":"84129888","coverImageURL":"https://ak-d.tripcdn.com/images/100u0900000040oysF91A.jpg?proc=source/trip","continentFormatName":"europe","continentName":"Europe","continentId":120002,"capitalId":"3-827","capitalName":"Oslo","capitalCode":"OSL","showName":"Norway","showOnMap":false},{"id":100101,"name":"Hungary","enName":"Hungary","formatName":"hungary","code":"HU","geo":"47.162495,19.503304","coverImageId":"76164865","coverImageURL":"https://ak-d.tripcdn.com/images/100b060000001o2oeF237.jpg?proc=source/trip","continentFormatName":"europe","continentName":"Europe","continentId":120002,"capitalId":"3-637","capitalName":"Budapest","capitalCode":"BUD","showName":"Hungary","showOnMap":false},{"id":100102,"name":"Fiji","enName":"Fiji","formatName":"fiji","code":"FJ","geo":"-17.713371,178.06503","coverImageId":"26772983","coverImageURL":"https://ak-d.tripcdn.com/images/fd/tg/g2/M04/87/ED/Cghzf1Wwsg2AfgmyACuITDnkFBs318.jpg?proc=source/trip","continentFormatName":"oceania","continentName":"Oceania","continentId":120003,"capitalId":"3-3522","capitalName":"Suva","capitalCode":"SUV","showName":"Fiji","showOnMap":false},{"id":100105,"name":"Laos","enName":"Laos","formatName":"laos","code":"LA","geo":"19.85627,102.4955","coverImageId":"26170986","coverImageURL":"https://ak-d.tripcdn.com/images/fd/tg/g2/M0B/8D/18/Cghzf1Ww-6SAcf7sAAIHC90qxK8849.jpg?proc=source/trip","continentFormatName":"asia","continentName":"Asia","continentId":120001,"capitalId":"3-486","capitalName":"Vientiane","capitalCode":"VTE","showName":"Laos","showOnMap":false},{"id":100106,"name":"Portugal","enName":"Portugal","formatName":"portugal","code":"PT","geo":"39.39987,-8.224454","coverImageId":"25449487","coverImageURL":"https://ak-d.tripcdn.com/images/fd/tg/g2/M09/8A/21/Cghzf1WwzieAJfr1ADvqEGww1Gw778.jpg?proc=source/trip","continentFormatName":"europe","continentName":"Europe","continentId":120002,"capitalId":"3-1231","capitalName":"Lisbon","capitalCode":"LIS","showName":"Portugal","showOnMap":false},{"id":100109,"name":"Brazil","enName":"Brazil","formatName":"brazil","code":"BR","geo":"-14.235004,-51.92528","coverImageId":"67227544","coverImageURL":"https://ak-d.tripcdn.com/images/100m1f000001gznmr483D.jpg?proc=source/trip","continentFormatName":"south-america","continentName":"South America","continentId":120005,"capitalId":"3-1255","capitalName":"Brasilia","capitalCode":"BSB","showName":"Brazil","showOnMap":false},{"id":100108,"name":"Mexico","enName":"Mexico","formatName":"mexico","code":"MX","geo":"23.6345,-102.55279","coverImageId":"110198521","coverImageURL":"https://ak-d.tripcdn.com/images/100g0d0000006tljc2C9B.jpg?proc=source/trip","continentFormatName":"north-america","continentName":"North America","continentId":120004,"capitalId":"3-691","capitalName":"Mexico City","capitalCode":"MEX","showName":"Mexico","showOnMap":false},{"id":100111,"name":"Argentina","enName":"Argentina","formatName":"argentina","code":"AR","geo":"-38.416096,-63.616673","coverImageId":"14006554","coverImageURL":"https://ak-d.tripcdn.com/images/tg/801/559/569/cbff63c53b8542a2a6c13713301aaa80.jpg?proc=source/trip","continentFormatName":"south-america","continentName":"South America","continentId":120005,"capitalId":"3-807","capitalName":"Buenos Aires","capitalCode":"BUE","showName":"Argentina","showOnMap":false},{"id":100110,"name":"Chile","enName":"Chile","formatName":"chile","code":"CL","geo":"-35.675148,-71.54297","coverImageId":"4147743","coverImageURL":"https://ak-d.tripcdn.com/images/tg/451/492/463/6ebba69a1bc44ba69fff8718c9180759.jpg?proc=source/trip","continentFormatName":"south-america","continentName":"South America","continentId":120005,"capitalId":"3-852","capitalName":"Santiago","capitalCode":"SCL","showName":"Chile","showOnMap":false},{"id":100113,"name":"Cuba","enName":"Cuba","formatName":"cuba","code":"CU","geo":"21.521757,-77.781166","coverImageId":"304624551","coverImageURL":"https://ak-d.tripcdn.com/images/100a0z000000n3n0653AE.jpg?proc=source/trip","continentFormatName":"north-america","continentName":"North America","continentId":120004,"capitalId":"3-690","capitalName":"Havana","capitalCode":"HAV","showName":"Cuba","showOnMap":false},{"id":100112,"name":"Peru","enName":"Peru","formatName":"peru","code":"PE","geo":"-9.189967,-75.01515","coverImageId":"118826199","coverImageURL":"https://ak-d.tripcdn.com/images/100r0h0000008ui066E62.jpg?proc=source/trip","continentFormatName":"south-america","continentName":"South America","continentId":120005,"capitalId":"3-837","capitalName":"Lima","capitalCode":"LIM","showName":"Peru","showOnMap":false},{"id":100115,"name":"Tunisia","enName":"Tunisia","formatName":"tunisia","code":"TN","geo":"33.886917,9.537499","coverImageId":"68518127","coverImageURL":"https://ak-d.tripcdn.com/images/10051f000001gsqf2E52A.jpg?proc=source/trip","continentFormatName":"africa","continentName":"Africa","continentId":120006,"capitalId":"3-1280","capitalName":"Tunis","capitalCode":"TUN","showName":"Tunisia","showOnMap":false},{"id":100114,"name":"Pakistan","enName":"Pakistan","formatName":"pakistan","code":"PK","geo":"30.37532,69.345116","coverImageId":"7795967","coverImageURL":"https://ak-d.tripcdn.com/images/tg/678/476/511/428105f83fb74ecd9c4b29a7b8c3642d.jpg?proc=source/trip","continentFormatName":"asia","continentName":"Asia","continentId":120001,"capitalId":"3-531","capitalName":"Islamabad","capitalCode":"ISB","showName":"Pakistan","showOnMap":false},{"id":788,"name":"United States","enName":"Northern Mariana Islands","formatName":"northern-mariana-islands","code":"MP","geo":"15.218731,145.75433","coverImageId":"0","coverImageURL":"https://ak-d.tripcdn.com/images/100m0x000000lpkxw7698.jpg?proc=source/trip","continentFormatName":"north-america","continentName":"North America","continentId":120004,"capitalId":"3-4081","capitalName":"Saipan","capitalCode":"SPN","showName":"United States","showOnMap":false},{"id":100117,"name":"Slovakia","enName":"Slovakia","formatName":"slovakia","code":"SK","geo":"48.669025,19.699024","coverImageId":"7168924","coverImageURL":"https://ak-d.tripcdn.com/images/tg/809/502/120/c1db5fa242ea42be9c3819263dc53085.jpg?proc=source/trip","continentFormatName":"europe","continentName":"Europe","continentId":120002,"capitalId":"3-4008","capitalName":"Bratislava","capitalCode":"BTS","showName":"Slovakia","showOnMap":false},{"id":100116,"name":"Cyprus","enName":"Cyprus","formatName":"cyprus","code":"CY","geo":"35.12641,33.42986","coverImageId":"279069861","coverImageURL":"https://ak-d.tripcdn.com/images/100b0v000000k5ga8193C.jpg?proc=source/trip","continentFormatName":"europe","continentName":"Europe","continentId":120002,"capitalId":"3-4191","capitalName":"Nicosia","capitalCode":"NIC","showName":"Cyprus","showOnMap":false},{"id":100119,"name":"Slovenia","enName":"Slovenia","formatName":"slovenia","code":"SI","geo":"46.15124,14.995463","coverImageId":"267805854","coverImageURL":"https://ak-d.tripcdn.com/images/100j0s000000hwzxz9912.jpg?proc=source/trip","continentFormatName":"europe","continentName":"Europe","continentId":120002,"capitalId":"3-1266","capitalName":"Ljubljana","capitalCode":"LJU","showName":"Slovenia","showOnMap":false},{"id":100118,"name":"Poland","enName":"Poland","formatName":"poland","code":"PL","geo":"51.919437,19.145136","coverImageId":"7168792","coverImageURL":"https://ak-d.tripcdn.com/images/tg/990/837/189/2d333d486bca4541b9fe9e2524c0916c.jpg?proc=source/trip","continentFormatName":"europe","continentName":"Europe","continentId":120002,"capitalId":"3-293","capitalName":"Warsaw","capitalCode":"WAW","showName":"Poland","showOnMap":false},{"id":100121,"name":"Saudi Arabia","enName":"Saudi Arabia","formatName":"saudi-arabia","code":"SA","geo":"23.885942,45.079163","coverImageId":"0","coverImageURL":"https://ak-d.tripcdn.com/images/ww0v1f000001gz2q57052.jpg?proc=source/trip","continentFormatName":"asia","continentName":"Asia","continentId":120001,"capitalId":"3-789","capitalName":"Riyadh","capitalCode":"RUH","showName":"Saudi Arabia","showOnMap":false},{"id":100120,"name":"Romania","enName":"Romania","formatName":"romania","code":"RO","geo":"45.94316,24.96676","coverImageId":"81220167","coverImageURL":"https://ak-d.tripcdn.com/images/100m080000002zvewDD0F.jpg?proc=source/trip","continentFormatName":"europe","continentName":"Europe","continentId":120002,"capitalId":"3-674","capitalName":"Bucharest","capitalCode":"BUH","showName":"Romania","showOnMap":false},{"id":100123,"name":"Iran","enName":"Iran","formatName":"iran","code":"IR","geo":"32.42791,53.688046","coverImageId":"112135994","coverImageURL":"https://ak-d.tripcdn.com/images/100l0e00000073fzqF802.jpg?proc=source/trip","continentFormatName":"asia","continentName":"Asia","continentId":120001,"capitalId":"3-631","capitalName":"Tehran","capitalCode":"THR","showName":"Iran","showOnMap":false},{"id":100122,"name":"Lithuania","enName":"Lithuania","formatName":"lithuania","code":"LT","geo":"55.169437,23.881275","coverImageId":"13877708","coverImageURL":"https://ak-d.tripcdn.com/images/fd/tg/g6/M09/45/1B/CggYslbXXKKATyckAASiEht2Wyk485.jpg?proc=source/trip","continentFormatName":"europe","continentName":"Europe","continentId":120002,"capitalId":"3-786","capitalName":"Vilnius","capitalCode":"VNO","showName":"Lithuania","showOnMap":false},{"id":100125,"name":"Ethiopia","enName":"Ethiopia","formatName":"ethiopia","code":"ET","geo":"9.145,40.489674","coverImageId":"76865215","coverImageURL":"https://ak-d.tripcdn.com/images/100m1f000001gzmmvAC6F.jpg?proc=source/trip","continentFormatName":"africa","continentName":"Africa","continentId":120006,"capitalId":"3-635","capitalName":"Addis Ababa","capitalCode":"ADD","showName":"Ethiopia","showOnMap":false},{"id":100124,"name":"Latvia","enName":"Latvia","formatName":"latvia","code":"LV","geo":"56.879635,24.60319","coverImageId":"72590042","coverImageURL":"https://ak-d.tripcdn.com/images/10040500000013luzB7B1.jpg?proc=source/trip","continentFormatName":"europe","continentName":"Europe","continentId":120002,"capitalId":"3-4079","capitalName":"Riga","capitalCode":"RIX","showName":"Latvia","showOnMap":false},{"id":100126,"name":"Ecuador","enName":"Ecuador","formatName":"ecuador","code":"EC","geo":"-1.831239,-78.1834","coverImageId":"17902900","coverImageURL":"https://ak-d.tripcdn.com/images/100j1f000001gps8i19C5.jpg?proc=source/trip","continentFormatName":"south-america","continentName":"South America","continentId":120005,"capitalId":"3-858","capitalName":"Quito","capitalCode":"UIO","showName":"Ecuador","showOnMap":false},{"id":100129,"name":"Croatia","enName":"Croatia","formatName":"croatia","code":"HR","geo":"45.1,15.2","coverImageId":"26645315","coverImageURL":"https://ak-d.tripcdn.com/images/fd/tg/g2/M06/8E/44/CghzgVWxEYiAGygFAAoq-IIIRAw130.jpg?proc=source/trip","continentFormatName":"europe","continentName":"Europe","continentId":120002,"capitalId":"3-1418","capitalName":"Zagreb","capitalCode":"ZAG","showName":"Croatia","showOnMap":false},{"id":100128,"name":"Kuwait","enName":"Kuwait","formatName":"kuwait","code":"KW","geo":"29.31166,47.481766","coverImageId":"0","coverImageURL":"https://ak-d.tripcdn.com/images/ww0r1f000001gn5e276FF.jpg?proc=source/trip","continentFormatName":"asia","continentName":"Asia","continentId":120001,"capitalId":"3-336","capitalName":"Kuwait","capitalCode":"KWI","showName":"Kuwait","showOnMap":false},{"id":20258,"name":"Libya","enName":"Libya","formatName":"libya","code":"LY","geo":"26.3351,17.22833","coverImageId":"295270170","coverImageURL":"https://ak-d.tripcdn.com/images/100s0y000000mb1hb0770.jpg?proc=source/trip","continentFormatName":"africa","continentName":"Africa","continentId":120006,"capitalId":"3-790","capitalName":"Tripoli","capitalCode":"TIP","showName":"Libya","showOnMap":false},{"id":100131,"name":"Monaco","enName":"Monaco","formatName":"monaco","code":"MC","geo":"43.7384,7.4246","coverImageId":"0","coverImageURL":"https://youimg1.tripcdn.com/target/fd/tg/g4/M09/18/23/CggYHVYknj-AUElfADWmxdvomeo675.jpg?proc=source/trip","continentFormatName":"europe","continentName":"Europe","continentId":120002,"capitalId":"3-61481","capitalName":"Monte Carlo","capitalCode":"MCM","showName":"Monaco","showOnMap":false},{"id":100130,"name":"Bulgaria","enName":"Bulgaria","formatName":"bulgaria","code":"BG","geo":"42.733883,25.48583","coverImageId":"81849532","coverImageURL":"https://ak-d.tripcdn.com/images/100808000000391uz34A7.jpg?proc=source/trip","continentFormatName":"europe","continentName":"Europe","continentId":120002,"capitalId":"3-792","capitalName":"Sofia","capitalCode":"SOF","showName":"Bulgaria","showOnMap":false},{"id":100133,"name":"Paraguay","enName":"Paraguay","formatName":"paraguay","code":"PY","geo":"-23.442503,-58.443832","coverImageId":"0","coverImageURL":"https://ak-d.tripcdn.com/images/100n160000010omgrB847.jpg?proc=source/trip","continentFormatName":"south-america","continentName":"South America","continentId":120005,"capitalId":"3-819","capitalName":"Asunción","capitalCode":"ASU","showName":"Paraguay","showOnMap":false},{"id":100132,"name":"Morocco","enName":"Morocco","formatName":"morocco","code":"MA","geo":"31.791702,-7.09262","coverImageId":"51884170","coverImageURL":"https://ak-d.tripcdn.com/images/100e1f000001gsyvoEE2E.jpg?proc=source/trip","continentFormatName":"africa","continentName":"Africa","continentId":120006,"capitalId":"3-3685","capitalName":"Rabat","capitalCode":"RBA","showName":"Morocco","showOnMap":false},{"id":38,"name":"Hong Kong","enName":"Hong Kong","formatName":"hong-kong","code":"HK","geo":"22.294046,114.17349","coverImageId":"488876439","coverImageURL":"https://ak-d.tripcdn.com/images/100a1f000001g4pqtBF5D.jpg?proc=source/trip","continentFormatName":"asia","continentName":"Asia","continentId":120001,"capitalId":"3-58","capitalName":"Hong Kong","capitalCode":"HKG","showName":"Hong Kong","showOnMap":false},{"id":100135,"name":"Panama","enName":"Panama","formatName":"panama","code":"PA","geo":"8.537981,-80.78213","coverImageId":"14602257","coverImageURL":"https://ak-d.tripcdn.com/images/tg/511/782/587/670da83916944c7e81cb81aee08ba308.jpg?proc=source/trip","continentFormatName":"north-america","continentName":"North America","continentId":120004,"capitalId":"3-830","capitalName":"Panama City","capitalCode":"PTY","showName":"Panama","showOnMap":false},{"id":39,"name":"Macau","enName":"Macau","formatName":"macau","code":"MO","geo":"22.186928,113.543076","coverImageId":"118264741","coverImageURL":"https://ak-d.tripcdn.com/images/100k0h0000008rpf254E4.jpg?proc=source/trip","continentFormatName":"asia","continentName":"Asia","continentId":120001,"capitalId":"3-59","capitalName":"Macau","capitalCode":"MFM","showName":"Macau","showOnMap":false},{"id":100134,"name":"Colombia","enName":"Colombia","formatName":"colombia","code":"CO","geo":"4.570868,-74.29733","coverImageId":"275479413","coverImageURL":"https://ak-d.tripcdn.com/images/100i0u000000j4ry59CD4.jpg?proc=source/trip","continentFormatName":"south-america","continentName":"South America","continentId":120005,"capitalId":"3-824","capitalName":"Bogota","capitalCode":"BOG","showName":"Colombia","showOnMap":false},{"id":100137,"name":"Qatar","enName":"Qatar","formatName":"qatar","code":"QA","geo":"25.354826,51.183884","coverImageId":"10943695","coverImageURL":"https://ak-d.tripcdn.com/images/fd/tg/g4/M06/61/45/CggYHVbWOcqAPFzZAAO_vB_9dXc070.jpg?proc=source/trip","continentFormatName":"asia","continentName":"Asia","continentId":120001,"capitalId":"3-1401","capitalName":"Doha","capitalCode":"DOH","showName":"Qatar","showOnMap":false},{"id":100136,"name":"Lebanon","enName":"Lebanon","formatName":"lebanon","code":"LB","geo":"33.85472,35.862286","coverImageId":"3411026","coverImageURL":"https://ak-d.tripcdn.com/images/tg/590/709/536/078dd5290b714d95ba973681aa98a117.jpg?proc=source/trip","continentFormatName":"asia","continentName":"Asia","continentId":120001,"capitalId":"3-835","capitalName":"Beirut","capitalCode":"BEY","showName":"Lebanon","showOnMap":false},{"id":100141,"name":"Belarus","enName":"Belarus","formatName":"belarus","code":"BY","geo":"53.70981,27.953388","coverImageId":"0","coverImageURL":"https://ak-d.tripcdn.com/images/ww0r1e000001euukd04F7.jpg?proc=source/trip","continentFormatName":"europe","continentName":"Europe","continentId":120002,"capitalId":"3-854","capitalName":"Minsk","capitalCode":"MSQ","showName":"Belarus","showOnMap":false},{"id":100140,"name":"Costa Rica","enName":"Costa Rica","formatName":"costa-rica","code":"CR","geo":"9.748917,-83.753426","coverImageId":"310171427","coverImageURL":"https://ak-d.tripcdn.com/images/100s12000000t9uti7702.jpg?proc=source/trip","continentFormatName":"north-america","continentName":"North America","continentId":120004,"capitalId":"3-1250","capitalName":"San José","capitalCode":"SJO","showName":"Costa Rica","showOnMap":false},{"id":100142,"name":"Oman","enName":"Oman","formatName":"oman","code":"OM","geo":"21.512583,55.923256","coverImageId":"117403536","coverImageURL":"https://ak-d.tripcdn.com/images/10040g00000086saq8055.jpg?proc=source/trip","continentFormatName":"asia","continentName":"Asia","continentId":120001,"capitalId":"3-853","capitalName":"Muscat","capitalCode":"MCT","showName":"Oman","showOnMap":false},{"id":1584,"name":"Sint Maarten","enName":"Sint Maarten","formatName":"sint-maarten","code":"SX","geo":"18.04248,-63.05483","coverImageId":"26975376","coverImageURL":"https://ak-d.tripcdn.com/images/fd/tg/g2/M05/8C/4E/CghzgVUq8aiADlghAAE2LTfeiaM743.jpg?proc=source/trip","continentFormatName":"north-america","continentName":"North America","continentId":120004,"capitalId":"3-62138","capitalName":"Philipsburg","capitalCode":"SXM","showName":"Sint Maarten","showOnMap":false},{"id":100145,"name":"Dominican Republic","enName":"Dominican Republic","formatName":"dominican-republic","code":"DO","geo":"18.735693,-70.16265","coverImageId":"474394515","coverImageURL":"https://ak-d.tripcdn.com/images/100q1a0000019tcgsD615.jpg?proc=source/trip","continentFormatName":"north-america","continentName":"North America","continentId":120004,"capitalId":"3-5834","capitalName":"Santo Domingo","capitalCode":"SDQ","showName":"Dominican Republic","showOnMap":false},{"id":100144,"name":"Kazakhstan","enName":"Kazakhstan","formatName":"kazakhstan","code":"KZ","geo":"48.019573,66.92368","coverImageId":"0","coverImageURL":"https://ak-d.tripcdn.com/images/100k0p000000g068c284E.jpg?proc=source/trip","continentFormatName":"asia","continentName":"Asia","continentId":120001,"capitalId":"3-3263","capitalName":"Astana","capitalCode":"NQZ","showName":"Kazakhstan","showOnMap":false},{"id":100147,"name":"Togo","enName":"Togo","formatName":"togo","code":"TG","geo":"8.619543,0.824782","coverImageId":"0","coverImageURL":"https://ak-d.tripcdn.com/images/100710000000pkl80613D.jpg?proc=source/trip","continentFormatName":"africa","continentName":"Africa","continentId":120006,"capitalId":"3-4205","capitalName":"Lomé","capitalCode":"LFW","showName":"Togo","showOnMap":false},{"id":2099,"name":"Vanuatu","enName":"Vanuatu","formatName":"vanuatu","code":"VU","geo":"-15.376706,166.95915","coverImageId":"0","coverImageURL":"https://ak-d.tripcdn.com/images/100t10000000pbnsk9ADF.jpg?proc=source/trip","continentFormatName":"oceania","continentName":"Oceania","continentId":120003,"capitalId":"3-4115","capitalName":"Port Vila","capitalCode":"VLI","showName":"Vanuatu","showOnMap":false},{"id":100149,"name":"Republic of the Congo","enName":"Republic of the Congo","formatName":"republic-of-the-congo","code":"CG","geo":"-0.228021,15.827659","coverImageId":"0","coverImageURL":"https://ak-d.tripcdn.com/images/100n160000010omgrB847.jpg?proc=source/trip","continentFormatName":"africa","continentName":"Africa","continentId":120006,"capitalId":"3-7609","capitalName":"Brazzaville","capitalCode":"BZV","showName":"Republic of the Congo","showOnMap":false},{"id":100148,"name":"Democratic Republic of the Congo","enName":"Democratic Republic of the Congo","formatName":"democratic-republic-of-the-congo","code":"CD","geo":"-4.038333,21.758663","coverImageId":"0","coverImageURL":"https://ak-d.tripcdn.com/images/100n160000010omgrB847.jpg?proc=source/trip","continentFormatName":"africa","continentName":"Africa","continentId":120006,"capitalId":"3-845","capitalName":"Kinshasa","capitalCode":"FIH","showName":"Democratic Republic of the Congo","showOnMap":false},{"id":100151,"name":"Namibia","enName":"Namibia","formatName":"namibia","code":"NA","geo":"-22.95764,18.49041","coverImageId":"118226515","coverImageURL":"https://ak-d.tripcdn.com/images/10080h0000008rava9A7E.jpg?proc=source/trip","continentFormatName":"africa","continentName":"Africa","continentId":120006,"capitalId":"3-862","capitalName":"Windhoek","capitalCode":"WDH","showName":"Namibia","showOnMap":false},{"id":100150,"name":"Zimbabwe","enName":"Zimbabwe","formatName":"zimbabwe","code":"ZW","geo":"-19.015438,29.154858","coverImageId":"0","coverImageURL":"https://ak-d.tripcdn.com/images/100n160000010omgrB847.jpg?proc=source/trip","continentFormatName":"africa","continentName":"Africa","continentId":120006,"capitalId":"3-849","capitalName":"Harare","capitalCode":"HRE","showName":"Zimbabwe","showOnMap":false},{"id":100153,"name":"Seychelles","enName":"Seychelles","formatName":"seychelles","code":"SC","geo":"-4.679574,55.491978","coverImageId":"25925559","coverImageURL":"https://ak-d.tripcdn.com/images/100m1f000001gzlq3D739.jpg?proc=source/trip","continentFormatName":"africa","continentName":"Africa","continentId":120006,"capitalId":"3-4100","capitalName":"Mahe Island","capitalCode":"SEZ","showName":"Seychelles","showOnMap":false},{"id":100152,"name":"Senegal","enName":"Senegal","formatName":"senegal","code":"SN","geo":"14.497401,-14.452362","coverImageId":"0","coverImageURL":"https://ak-d.tripcdn.com/images/100n0l000000cwjuf6BC9.jpg?proc=source/trip","continentFormatName":"africa","continentName":"Africa","continentId":120006,"capitalId":"3-856","capitalName":"Dakar","capitalCode":"DKR","showName":"Senegal","showOnMap":false},{"id":100155,"name":"Zambia","enName":"Zambia","formatName":"zambia","code":"ZM","geo":"-13.133897,27.849333","coverImageId":"16295942","coverImageURL":"https://ak-d.tripcdn.com/images/tg/406/315/839/ab1a8bd228b34b06b7129bb30f2b6501.jpg?proc=source/trip","continentFormatName":"africa","continentName":"Africa","continentId":120006,"capitalId":"3-816","capitalName":"Lusaka","capitalCode":"LUN","showName":"Zambia","showOnMap":false},{"id":100154,"name":"Tanzania","enName":"Tanzania","formatName":"tanzania","code":"TZ","geo":"-6.369028,34.88882","coverImageId":"295509252","coverImageURL":"https://ak-d.tripcdn.com/images/100q0y000000m6ih3DFC1.jpg?proc=source/trip","continentFormatName":"africa","continentName":"Africa","continentId":120006,"capitalId":"3-85546","capitalName":"Dodoma","capitalCode":"DOD","showName":"Tanzania","showOnMap":false},{"id":100157,"name":"Algeria","enName":"Algeria","formatName":"algeria","code":"DZ","geo":"28.033886,1.659626","coverImageId":"16926351","coverImageURL":"https://ak-d.tripcdn.com/images/tg/212/092/068/8ebc8ce13576485597f6c8b0f44ed514.jpg?proc=source/trip","continentFormatName":"africa","continentName":"Africa","continentId":120006,"capitalId":"3-1271","capitalName":"Algiers","capitalCode":"ALG","showName":"Algeria","showOnMap":false},{"id":20295,"name":"Nicaragua","enName":"Nicaragua","formatName":"nicaragua","code":"NI","geo":"12.865416,-85.20723","coverImageId":"0","coverImageURL":"https://ak-d.tripcdn.com/images/ww0e1e000001f1bw393EA.jpg?proc=source/trip","continentFormatName":"north-america","continentName":"North America","continentId":120004,"capitalId":"3-7450","capitalName":"Managua","capitalCode":"MGA","showName":"Nicaragua","showOnMap":false},{"id":330,"name":"Maldives","enName":"Maldives","formatName":"maldives","code":"MV","geo":"1.9772469,73.53611","coverImageId":"63766531","coverImageURL":"https://youimg1.tripcdn.com/target/200k12000000rn25mF504.jpg?proc=source/trip","continentFormatName":"asia","continentName":"Asia","continentId":120001,"capitalId":"3-1207","capitalName":"Malé","capitalCode":"MLE","showName":"Maldives","showOnMap":false},{"id":1615,"name":"Barbados","enName":"Barbados","formatName":"barbados","code":"BB","geo":"13.193887,-59.543198","coverImageId":"114717138","coverImageURL":"https://ak-d.tripcdn.com/images/10081f000001gqev251E5.jpg?proc=source/trip","continentFormatName":"north-america","continentName":"North America","continentId":120004,"capitalId":"3-4636","capitalName":"Bridgetown","capitalCode":"BGI","showName":"Barbados","showOnMap":false},{"id":100181,"name":"Angola","enName":"Angola","formatName":"angola","code":"AO","geo":"-11.202692,17.873886","coverImageId":"0","coverImageURL":"https://ak-d.tripcdn.com/images/100n160000010omgrB847.jpg?proc=source/trip","continentFormatName":"africa","continentName":"Africa","continentId":120006,"capitalId":"3-842","capitalName":"Luanda","capitalCode":"LAD","showName":"Angola","showOnMap":false},{"id":100180,"name":"Gambia","enName":"Gambia","formatName":"gambia","code":"GM","geo":"13.443182,-15.310139","coverImageId":"304177210","coverImageURL":"https://ak-d.tripcdn.com/images/100710000000p0ut936C7.jpg?proc=source/trip","continentFormatName":"africa","continentName":"Africa","continentId":120006,"capitalId":"3-4700","capitalName":"Banjul","capitalCode":"BJL","showName":"Gambia","showOnMap":false},{"id":21590,"name":"Curacao","enName":"Curacao","formatName":"curacao","code":"CW","geo":"12.16957,-68.99002","coverImageId":"0","coverImageURL":"https://ak-d.tripcdn.com/images/100a14000000w7vinA56C.jpg?proc=source/trip","continentFormatName":"north-america","continentName":"North America","continentId":120004,"capitalId":"3-62137","capitalName":"Willemstad","capitalCode":"CUR","showName":"Curacao","showOnMap":false},{"id":100183,"name":"Benin","enName":"Benin","formatName":"benin","code":"BJ","geo":"9.30769,2.315834","coverImageId":"0","coverImageURL":"https://ak-d.tripcdn.com/images/100n160000010omgrB847.jpg?proc=source/trip","continentFormatName":"africa","continentName":"Africa","continentId":120006,"capitalId":"3-3251","capitalName":"Cotonou","capitalCode":"COO","showName":"Benin","showOnMap":false},{"id":100182,"name":"Ghana","enName":"Ghana","formatName":"ghana","code":"GH","geo":"7.946527,-1.023194","coverImageId":"10544979","coverImageURL":"https://ak-d.tripcdn.com/images/tg/961/769/378/851f8e0ee32744da9c699700f50e5bcd.jpg?proc=source/trip","continentFormatName":"africa","continentName":"Africa","continentId":120006,"capitalId":"3-1274","capitalName":"Accra","capitalCode":"ACC","showName":"Ghana","showOnMap":false},{"id":21592,"name":"Antigua and Barbuda","enName":"Antigua and Barbuda","formatName":"antigua-and-barbuda","code":"AG","geo":"17.060816,-61.79643","coverImageId":"0","coverImageURL":"https://ak-d.tripcdn.com/images/100a10000000pczt73145.jpg?proc=source/trip","continentFormatName":"north-america","continentName":"North America","continentId":120004,"capitalId":"3-36379","capitalName":"St. John's","capitalCode":"ANU","showName":"Antigua and Barbuda","showOnMap":false},{"id":100185,"name":"Rwanda","enName":"Rwanda","formatName":"rwanda","code":"RW","geo":"-1.940278,29.873888","coverImageId":"303608429","coverImageURL":"https://ak-d.tripcdn.com/images/100p10000000o2w3u77ED.jpg?proc=source/trip","continentFormatName":"africa","continentName":"Africa","continentId":120006,"capitalId":"3-1277","capitalName":"Kigali","capitalCode":"KGL","showName":"Rwanda","showOnMap":false},{"id":100184,"name":"Guinea","enName":"Guinea","formatName":"guinea","code":"GN","geo":"9.945587,-9.696645","coverImageId":"10347827","coverImageURL":"https://ak-d.tripcdn.com/images/100n160000010omgrB847.jpg?proc=source/trip","continentFormatName":"africa","continentName":"Africa","continentId":120006,"capitalId":"3-1275","capitalName":"Conakry","capitalCode":"CKY","showName":"Guinea","showOnMap":false},{"id":100187,"name":"Guinea-bissau","enName":"Guinea-bissau","formatName":"guinea-bissau","code":"GW","geo":"11.803749,-15.180413","coverImageId":"0","coverImageURL":"https://ak-d.tripcdn.com/images/100n160000010omgrB847.jpg?proc=source/trip","continentFormatName":"africa","continentName":"Africa","continentId":120006,"capitalId":"3-5532","capitalName":"Bissau","capitalCode":"OXB","showName":"Guinea-bissau","showOnMap":false},{"id":21595,"name":"Aruba","enName":"Aruba","formatName":"aruba","code":"AW","geo":"12.52111,-69.96834","coverImageId":"119746498","coverImageURL":"https://ak-d.tripcdn.com/images/100f0h00000092n9t164A.jpg?proc=source/trip","continentFormatName":"south-america","continentName":"South America","continentId":120005,"capitalId":"3-20008","capitalName":"Oranjestad","capitalCode":"AUA","showName":"Aruba","showOnMap":false},{"id":100186,"name":"Botswana","enName":"Botswana","formatName":"botswana","code":"BW","geo":"-22.328474,24.684866","coverImageId":"297545428","coverImageURL":"https://ak-d.tripcdn.com/images/10020y000000mjf9q8C70.jpg?proc=source/trip","continentFormatName":"africa","continentName":"Africa","continentId":120006,"capitalId":"3-857","capitalName":"Gaborone","capitalCode":"GBE","showName":"Botswana","showOnMap":false},{"id":21597,"name":"Saint Kitts and Nevis","enName":"Saint Kitts and Nevis","formatName":"saint-kitts-and-nevis","code":"KN","geo":"17.357822,-62.782997","coverImageId":"0","coverImageURL":"https://ak-d.tripcdn.com/images/100m10000000pk42fEA35.jpg?proc=source/trip","continentFormatName":"north-america","continentName":"North America","continentId":120004,"capitalId":"3-77712","capitalName":"Basseterre","capitalCode":"SKB","showName":"Saint Kitts and Nevis","showOnMap":false},{"id":21598,"name":"Bahamas","enName":"Bahamas","formatName":"bahamas","code":"BS","geo":"25.03428,-77.39628","coverImageId":"82307214","coverImageURL":"https://ak-d.tripcdn.com/images/1005080000003gpbgE347.jpg?proc=source/trip","continentFormatName":"north-america","continentName":"North America","continentId":120004,"capitalId":"3-3330","capitalName":"Nassau","capitalCode":"NAS","showName":"Bahamas","showOnMap":false},{"id":100191,"name":"Sao Tome and Principe","enName":"Sao Tome and Principe","formatName":"sao-tome-and-principe","code":"ST","geo":"0.18636,6.613081","coverImageId":"0","coverImageURL":"https://ak-d.tripcdn.com/images/100g10000000p4d3aBAF2.jpg?proc=source/trip","continentFormatName":"africa","continentName":"Africa","continentId":120006,"capitalId":"3-6087","capitalName":"Sao Tome Island","capitalCode":"TMS","showName":"Sao Tome and Principe","showOnMap":false},{"id":21599,"name":"Grenada","enName":"Grenada","formatName":"grenada","code":"GD","geo":"12.1165,-61.679","coverImageId":"0","coverImageURL":"https://ak-d.tripcdn.com/images/100i10000000p2n3657CD.jpg?proc=source/trip","continentFormatName":"north-america","continentName":"North America","continentId":120004,"capitalId":"3-59634","capitalName":"St. George's","capitalCode":"GND","showName":"Grenada","showOnMap":false},{"id":100190,"name":"Burkina Faso","enName":"Burkina Faso","formatName":"burkina-faso","code":"BF","geo":"12.238333,-1.561593","coverImageId":"0","coverImageURL":"https://ak-d.tripcdn.com/images/100n160000010omgrB847.jpg?proc=source/trip","continentFormatName":"africa","continentName":"Africa","continentId":120006,"capitalId":"3-5528","capitalName":"Ouagadougou","capitalCode":"OUA","showName":"Burkina Faso","showOnMap":false},{"id":21600,"name":"Saint Lucia","enName":"Saint Lucia","formatName":"saint-lucia","code":"LC","geo":"13.909444,-60.978893","coverImageId":"0","coverImageURL":"https://ak-d.tripcdn.com/images/100n160000010omgrB847.jpg?proc=source/trip","continentFormatName":"north-america","continentName":"North America","continentId":120004,"capitalId":"3-36418","capitalName":"Castries","capitalCode":"SLU","showName":"Saint Lucia","showOnMap":false},{"id":100193,"name":"Lesotho","enName":"Lesotho","formatName":"lesotho","code":"LS","geo":"-29.609987,28.233608","coverImageId":"0","coverImageURL":"https://ak-d.tripcdn.com/images/100n160000010omgrB847.jpg?proc=source/trip","continentFormatName":"africa","continentName":"Africa","continentId":120006,"capitalId":"3-3359","capitalName":"Maseru","capitalCode":"MSU","showName":"Lesotho","showOnMap":false},{"id":100192,"name":"Burundi","enName":"Burundi","formatName":"burundi","code":"BI","geo":"-3.373056,29.918886","coverImageId":"0","coverImageURL":"https://ak-d.tripcdn.com/images/100n160000010omgrB847.jpg?proc=source/trip","continentFormatName":"africa","continentName":"Africa","continentId":120006,"capitalId":"3-4175","capitalName":"Bujumbura","capitalCode":"BJM","showName":"Burundi","showOnMap":false},{"id":20322,"name":"Bosnia and Herzegovina","enName":"Bosnia and Herzegovina","formatName":"bosnia-and-herzegovina","code":"BA","geo":"43.915886,17.679075","coverImageId":"188170806","coverImageURL":"https://ak-d.tripcdn.com/images/100u0m000000dy2fzF143.jpg?proc=source/trip","continentFormatName":"europe","continentName":"Europe","continentId":120002,"capitalId":"3-5499","capitalName":"Mostar","capitalCode":"OMO","showName":"Bosnia and Herzegovina","showOnMap":false},{"id":100195,"name":"Liberia","enName":"Liberia","formatName":"liberia","code":"LR","geo":"6.428055,-9.429499","coverImageId":"0","coverImageURL":"https://ak-d.tripcdn.com/images/100n160000010omgrB847.jpg?proc=source/trip","continentFormatName":"africa","continentName":"Africa","continentId":120006,"capitalId":"3-1276","capitalName":"Monrovia","capitalCode":"MLW","showName":"Liberia","showOnMap":false},{"id":100194,"name":"Cameroon","enName":"Cameroon","formatName":"cameroon","code":"CM","geo":"7.369722,12.354722","coverImageId":"0","coverImageURL":"https://ak-d.tripcdn.com/images/tg/664/829/687/1155b5a83c7240bb81e8bc1dff68f315.jpg?proc=source/trip","continentFormatName":"africa","continentName":"Africa","continentId":120006,"capitalId":"3-4206","capitalName":"Yaoundé","capitalCode":"YAO","showName":"Cameroon","showOnMap":false},{"id":100197,"name":"Mali","enName":"Mali","formatName":"mali","code":"ML","geo":"17.570692,-3.996166","coverImageId":"295291276","coverImageURL":"https://ak-d.tripcdn.com/images/100j0y000000m3qnf0847.jpg?proc=source/trip","continentFormatName":"africa","continentName":"Africa","continentId":120006,"capitalId":"3-4010","capitalName":"Bamako","capitalCode":"BKO","showName":"Mali","showOnMap":false},{"id":21605,"name":"Haiti","enName":"Haiti","formatName":"haiti","code":"HT","geo":"18.971188,-72.28522","coverImageId":"176442845","coverImageURL":"https://ak-d.tripcdn.com/images/100j0m000000dee6uF637.jpg?proc=source/trip","continentFormatName":"north-america","continentName":"North America","continentId":120004,"capitalId":"3-828","capitalName":"Port-au-Prince","capitalCode":"PAP","showName":"Haiti","showOnMap":false},{"id":100196,"name":"Cape Verde","enName":"Cape Verde","formatName":"cape-verde","code":"CV","geo":"15.120142,-23.605173","coverImageId":"0","coverImageURL":"https://ak-d.tripcdn.com/images/100110000000pgn7k377A.jpg?proc=source/trip","continentFormatName":"africa","continentName":"Africa","continentId":120006,"capitalId":"3-5720","capitalName":"Praia","capitalCode":"RAI","showName":"Cape Verde","showOnMap":false},{"id":21606,"name":"Saint Vincent and the Grenadines","enName":"Saint Vincent and the Grenadines","formatName":"saint-vincent-and-the-grenadines","code":"VC","geo":"13.252818,-61.197163","coverImageId":"0","coverImageURL":"https://ak-d.tripcdn.com/images/0ww6s120006o2jndk52FB.jpg?proc=source/trip","continentFormatName":"north-america","continentName":"North America","continentId":120004,"capitalId":"3-59669","capitalName":"Kingstown","capitalCode":"SVD","showName":"Saint Vincent and the Grenadines","showOnMap":false},{"id":100198,"name":"Malawi","enName":"Malawi","formatName":"malawi","code":"MW","geo":"-13.254308,34.301525","coverImageId":"0","coverImageURL":"https://ak-d.tripcdn.com/images/100i10000000pde212761.jpg?proc=source/trip","continentFormatName":"africa","continentName":"Africa","continentId":120006,"capitalId":"3-3352","capitalName":"Lilongwe","capitalCode":"LLW","showName":"Malawi","showOnMap":false},{"id":21608,"name":"Jamaica","enName":"Jamaica","formatName":"jamaica","code":"JM","geo":"18.109581,-77.29751","coverImageId":"82389011","coverImageURL":"https://ak-d.tripcdn.com/images/1009080000003hmym464E.jpg?proc=source/trip","continentFormatName":"north-america","continentName":"North America","continentId":120004,"capitalId":"3-794","capitalName":"Kingston","capitalCode":"KIN","showName":"Jamaica","showOnMap":false},{"id":100201,"name":"Mauritania","enName":"Mauritania","formatName":"mauritania","code":"MR","geo":"21.00789,-10.940835","coverImageId":"0","coverImageURL":"https://youimg1.tripcdn.com/target/220f0u000000jf1xyE50F.jpg?proc=source/trip","continentFormatName":"africa","continentName":"Africa","continentId":120006,"capitalId":"3-7514","capitalName":"Nouakchott","capitalCode":"NKC","showName":"Mauritania","showOnMap":false},{"id":21609,"name":"Trinidad and Tobago","enName":"Trinidad and Tobago","formatName":"trinidad-and-tobago","code":"TT","geo":"10.691803,-61.222504","coverImageId":"0","coverImageURL":"https://ak-d.tripcdn.com/images/ww0c1f000001gtani936D.jpg?proc=source/trip","continentFormatName":"north-america","continentName":"North America","continentId":120004,"capitalId":"3-5640","capitalName":"Port of Spain","capitalCode":"POS","showName":"Trinidad and Tobago","showOnMap":false},{"id":100200,"name":"Côte d'Ivoire","enName":"Côte d'Ivoire","formatName":"cte-d-ivoire","code":"CI","geo":"7.539989,-5.54708","coverImageId":"0","coverImageURL":"https://ak-d.tripcdn.com/images/tg/141/521/498/ba6a6586f22547589ae49ae3f76006d6.jpg?proc=source/trip","continentFormatName":"africa","continentName":"Africa","continentId":120006,"capitalId":"3-3265","capitalName":"Abidjan","capitalCode":"ABJ","showName":"Côte d'Ivoire","showOnMap":false},{"id":100203,"name":"Djibouti","enName":"Djibouti","formatName":"djibouti","code":"DJ","geo":"11.825138,42.590275","coverImageId":"0","coverImageURL":"https://youimg1.tripcdn.com/target/220h180000014rd9z4B0D.jpg?proc=source/trip","continentFormatName":"africa","continentName":"Africa","continentId":120006,"capitalId":"3-847","capitalName":"Djibouti","capitalCode":"JIB","showName":"Djibouti","showOnMap":false},{"id":100202,"name":"Eswatini","enName":"Eswatini","formatName":"eswatini","code":"SZ","geo":"-26.522503,31.465866","coverImageId":"0","coverImageURL":"https://youimg1.tripcdn.com/target/220w0u000000jfx21AB7F.jpg?proc=source/trip","continentFormatName":"africa","continentName":"Africa","continentId":120006,"capitalId":"3-3883","capitalName":"Manzini","capitalCode":"MTS","showName":"Eswatini","showOnMap":false},{"id":100205,"name":"Equatorial Guinea","enName":"Equatorial Guinea","formatName":"equatorial-guinea","code":"GQ","geo":"1.650801,10.267895","coverImageId":"304849079","coverImageURL":"https://youimg1.tripcdn.com/target/220j13000000tracaEBCD.jpg?proc=source/trip","continentFormatName":"africa","continentName":"Africa","continentId":120006,"capitalId":"3-4186","capitalName":"Malabo","capitalCode":"SSG","showName":"Equatorial Guinea","showOnMap":false},{"id":100207,"name":"Uganda","enName":"Uganda","formatName":"uganda","code":"UG","geo":"1.373333,32.290276","coverImageId":"0","coverImageURL":"https://ak-d.tripcdn.com/images/100710000000pv7nj1A72.jpg?proc=source/trip","continentFormatName":"africa","continentName":"Africa","continentId":120006,"capitalId":"3-7228","capitalName":"Kasese","capitalCode":"KSE","showName":"Uganda","showOnMap":false},{"id":100206,"name":"Mozambique","enName":"Mozambique","formatName":"mozambique","code":"MZ","geo":"-18.665695,35.529564","coverImageId":"0","coverImageURL":"https://ak-d.tripcdn.com/images/100n160000010omgrB847.jpg?proc=source/trip","continentFormatName":"africa","continentName":"Africa","continentId":120006,"capitalId":"3-863","capitalName":"Maputo","capitalCode":"MPM","showName":"Mozambique","showOnMap":false},{"id":100209,"name":"Nigeria","enName":"Nigeria","formatName":"nigeria","code":"NG","geo":"9.081999,8.675277","coverImageId":"118827236","coverImageURL":"https://ak-d.tripcdn.com/images/100i0h0000008ufx79C0B.jpg?proc=source/trip","continentFormatName":"africa","continentName":"Africa","continentId":120006,"capitalId":"3-3244","capitalName":"Abuja","capitalCode":"ABV","showName":"Nigeria","showOnMap":false},{"id":100208,"name":"Eritrea","enName":"Eritrea","formatName":"eritrea","code":"ER","geo":"15.179384,39.782333","coverImageId":"0","coverImageURL":"https://youimg1.tripcdn.com/target/220t1g000001ha6kt7A40.jpg?proc=source/trip","continentFormatName":"africa","continentName":"Africa","continentId":120006,"capitalId":"3-3325","capitalName":"Asmara","capitalCode":"ASM","showName":"Eritrea","showOnMap":false},{"id":100211,"name":"Niger","enName":"Niger","formatName":"niger","code":"NE","geo":"17.607788,8.081666","coverImageId":"0","coverImageURL":"https://ak-d.tripcdn.com/images/100n160000010omgrB847.jpg?proc=source/trip","continentFormatName":"africa","continentName":"Africa","continentId":120006,"capitalId":"3-864","capitalName":"Niamey","capitalCode":"NIM","showName":"Niger","showOnMap":false},{"id":100210,"name":"Gabon","enName":"Gabon","formatName":"gabon","code":"GA","geo":"-0.803689,11.609444","coverImageId":"0","coverImageURL":"https://ak-d.tripcdn.com/images/100w10000000pkli24980.jpg?proc=source/trip","continentFormatName":"africa","continentName":"Africa","continentId":120006,"capitalId":"3-1273","capitalName":"Libreville","capitalCode":"LBV","showName":"Gabon","showOnMap":false},{"id":20340,"name":"Estonia","enName":"Estonia","formatName":"estonia","code":"EE","geo":"58.595272,25.013607","coverImageId":"14859268","coverImageURL":"https://ak-d.tripcdn.com/images/tg/722/822/151/d09c3b671d974189ba36ff6891ab1587.jpg?proc=source/trip","continentFormatName":"europe","continentName":"Europe","continentId":120002,"capitalId":"3-1737","capitalName":"Tallinn","capitalCode":"TLL","showName":"Estonia","showOnMap":false},{"id":100213,"name":"Central African Republic","enName":"Central African Republic","formatName":"central-african-republic","code":"CF","geo":"6.611111,20.939444","coverImageId":"295290703","coverImageURL":"https://ak-d.tripcdn.com/images/100r1f000001gonri6E63.jpg?proc=source/trip","continentFormatName":"africa","continentName":"Africa","continentId":120006,"capitalId":"3-4633","capitalName":"Bangui","capitalCode":"BGF","showName":"Central African Republic","showOnMap":false},{"id":100212,"name":"Sierra Leone","enName":"Sierra Leone","formatName":"sierra-leone","code":"SL","geo":"8.460555,-11.779889","coverImageId":"16453984","coverImageURL":"https://ak-d.tripcdn.com/images/tg/668/882/000/4fe0180c0ba34eac9c9ac9d20c6c66a8.jpg?proc=source/trip","continentFormatName":"africa","continentName":"Africa","continentId":120006,"capitalId":"3-4210","capitalName":"Freetown","capitalCode":"FNA","showName":"Sierra Leone","showOnMap":false},{"id":100214,"name":"Madagascar","enName":"Madagascar","formatName":"madagascar","code":"MG","geo":"-18.766947,46.869106","coverImageId":"306966717","coverImageURL":"https://ak-d.tripcdn.com/images/100d11000000r0e1n5092.jpg?proc=source/trip","continentFormatName":"africa","continentName":"Africa","continentId":120006,"capitalId":"3-4002","capitalName":"Antananarivo","capitalCode":"TNR","showName":"Madagascar","showOnMap":false},{"id":100217,"name":"Belize","enName":"Belize","formatName":"belize","code":"BZ","geo":"17.189877,-88.49765","coverImageId":"11910221","coverImageURL":"https://ak-d.tripcdn.com/images/tg/061/832/303/c637b1c41700463eb922e7795cffbdc7.jpg?proc=source/trip","continentFormatName":"north-america","continentName":"North America","continentId":120004,"capitalId":"3-4569","capitalName":"Belmopan","capitalCode":"BCV","showName":"Belize","showOnMap":false},{"id":100216,"name":"Chad","enName":"Chad","formatName":"chad","code":"TD","geo":"15.454166,18.732206","coverImageId":"0","coverImageURL":"https://ak-d.tripcdn.com/images/100n160000010omgrB847.jpg?proc=source/trip","continentFormatName":"africa","continentName":"Africa","continentId":120006,"capitalId":"3-4215","capitalName":"N'Djamena","capitalCode":"NDJ","showName":"Chad","showOnMap":false},{"id":100218,"name":"Guatemala","enName":"Guatemala","formatName":"guatemala","code":"GT","geo":"15.783471,-90.23076","coverImageId":"11912376","coverImageURL":"https://ak-d.tripcdn.com/images/tg/030/651/300/cea20c97463745cf9e77805d4a86c05e.jpg?proc=source/trip","continentFormatName":"north-america","continentName":"North America","continentId":120004,"capitalId":"3-77031","capitalName":"Quetzaltenango","capitalCode":"AAZ","showName":"Guatemala","showOnMap":false},{"id":100221,"name":"Greenland","enName":"Greenland","formatName":"greenland","code":"GL","geo":"71.70694,-42.6043","coverImageId":"53022004","coverImageURL":"https://ak-d.tripcdn.com/images/fd/tg/g3/M00/44/DA/CggYGlXkCYSAI628ABIZoaw2If4816.jpg?proc=source/trip","continentFormatName":"europe","continentName":"Europe","continentId":120002,"capitalId":"3-6838","capitalName":"Nuuk","capitalCode":"GOH","showName":"Greenland","showOnMap":false},{"id":100220,"name":"El Salvador","enName":"El Salvador","formatName":"el-salvador","code":"SV","geo":"13.794185,-88.89653","coverImageId":"293134343","coverImageURL":"https://ak-d.tripcdn.com/images/100u0y000000lyn4f5E85.jpg?proc=source/trip","continentFormatName":"north-america","continentName":"North America","continentId":120004,"capitalId":"3-5808","capitalName":"San Salvador","capitalCode":"SAL","showName":"El Salvador","showOnMap":false},{"id":100223,"name":"Albania","enName":"Albania","formatName":"albania","code":"AL","geo":"41.15333,20.168331","coverImageId":"274933828","coverImageURL":"https://ak-d.tripcdn.com/images/100s0u000000j7v2v2CEC.jpg?proc=source/trip","continentFormatName":"europe","continentName":"Europe","continentId":120002,"capitalId":"3-36649","capitalName":"Tirana","capitalCode":"TIA","showName":"Albania","showOnMap":false},{"id":20354,"name":"United Kingdom","enName":"United Kingdom","formatName":"united-kingdom","code":"GB","geo":"55.37805,-3.435973","coverImageId":"64792835","coverImageURL":"https://ak-d.tripcdn.com/images/fd/tg/g3/M08/43/A0/CggYG1avBWWAD9NgACmoNjb0dU4446.jpg?proc=source/trip","continentFormatName":"europe","continentName":"Europe","continentId":120002,"capitalId":"3-338","capitalName":"London","capitalCode":"LON","showName":"United Kingdom","showOnMap":false},{"id":100227,"name":"North Macedonia","enName":"North Macedonia","formatName":"north-macedonia","code":"MK","geo":"41.608635,21.745275","coverImageId":"16650690","coverImageURL":"https://youimg1.tripcdn.com/target/220t0s000000hj7xy4C0F.jpg?proc=source/trip","continentFormatName":"europe","continentName":"Europe","continentId":120002,"capitalId":"3-7617","capitalName":"Skopje","capitalCode":"SKP","showName":"North Macedonia","showOnMap":false},{"id":100226,"name":"Ukraine","enName":"Ukraine","formatName":"ukraine","code":"UA","geo":"48.379433,31.16558","coverImageId":"11914678","coverImageURL":"https://ak-d.tripcdn.com/images/tg/599/363/821/b70ea66367234db49abf596c4a1db5f7.jpg?proc=source/trip","continentFormatName":"europe","continentName":"Europe","continentId":120002,"capitalId":"3-306","capitalName":"Kiev","capitalCode":"IEV","showName":"Ukraine","showOnMap":false},{"id":100229,"name":"Georgia","enName":"Georgia","formatName":"georgia","code":"GE","geo":"42.315407,43.35689","coverImageId":"21628726","coverImageURL":"https://ak-d.tripcdn.com/images/tg/726/734/365/69c731bf254d4197a2cb8e7088cfad48.jpg?proc=source/trip","continentFormatName":"europe","continentName":"Europe","continentId":120002,"capitalId":"3-7612","capitalName":"Tbilisi","capitalCode":"TBS","showName":"Georgia","showOnMap":false},{"id":100228,"name":"Montenegro","enName":"Montenegro","formatName":"montenegro","code":"ME","geo":"42.70868,19.37439","coverImageId":"20180015","coverImageURL":"https://ak-d.tripcdn.com/images/tg/741/278/397/7b3252e04d114faf814a064d3ffc6ad3.jpg?proc=source/trip","continentFormatName":"europe","continentName":"Europe","continentId":120002,"capitalId":"3-62319","capitalName":"Podgorica","capitalCode":"TGD","showName":"Montenegro","showOnMap":false},{"id":100230,"name":"Moldova","enName":"Moldova","formatName":"moldova","code":"MD","geo":"47.411633,28.369884","coverImageId":"0","coverImageURL":"https://ak-d.tripcdn.com/images/100e0x000000likli2692.jpg?proc=source/trip","continentFormatName":"europe","continentName":"Europe","continentId":120002,"capitalId":"3-3307","capitalName":"Chisinau","capitalCode":"KIV","showName":"Moldova","showOnMap":false},{"id":100232,"name":"Serbia","enName":"Serbia","formatName":"serbia","code":"RS","geo":"44.01652,21.00586","coverImageId":"117917806","coverImageURL":"https://ak-d.tripcdn.com/images/10010g0000008nrkn6594.jpg?proc=source/trip","continentFormatName":"europe","continentName":"Europe","continentId":120002,"capitalId":"3-10257","capitalName":"Belgrade","capitalCode":"BEG","showName":"Serbia","showOnMap":false},{"id":100235,"name":"Guyana","enName":"Guyana","formatName":"guyana","code":"GY","geo":"4.860416,-58.93018","coverImageId":"0","coverImageURL":"https://ak-d.tripcdn.com/images/100b10000000pe1ejFA22.jpg?proc=source/trip","continentFormatName":"south-america","continentName":"South America","continentId":120005,"capitalId":"3-6797","capitalName":"Georgetown","capitalCode":"GEO","showName":"Guyana","showOnMap":false},{"id":100234,"name":"Suriname","enName":"Suriname","formatName":"suriname","code":"SR","geo":"3.919305,-56.027782","coverImageId":"0","coverImageURL":"https://ak-d.tripcdn.com/images/100f10000000p3v7pB1D9.jpg?proc=source/trip","continentFormatName":"south-america","continentName":"South America","continentId":120005,"capitalId":"3-3267","capitalName":"Paramaribo","capitalCode":"PBM","showName":"Suriname","showOnMap":false},{"id":100237,"name":"Bangladesh","enName":"Bangladesh","formatName":"bangladesh","code":"BD","geo":"23.684994,90.35633","coverImageId":"22073414","coverImageURL":"https://ak-d.tripcdn.com/images/tg/858/576/763/3330e6041f92436e88cd6f91552ae0b2.jpg?proc=source/trip","continentFormatName":"asia","continentName":"Asia","continentId":120001,"capitalId":"3-733","capitalName":"Dhaka","capitalCode":"DAC","showName":"Bangladesh","showOnMap":false},{"id":100236,"name":"Afghanistan","enName":"Afghanistan","formatName":"afghanistan","code":"AF","geo":"33.93911,67.70995","coverImageId":"295254660","coverImageURL":"https://ak-d.tripcdn.com/images/100v0y000000mf6k5D80D.jpg?proc=source/trip","continentFormatName":"asia","continentName":"Asia","continentId":120001,"capitalId":"3-793","capitalName":"Kabul","capitalCode":"KBL","showName":"Afghanistan","showOnMap":false},{"id":20366,"name":"Venezuela","enName":"Venezuela","formatName":"venezuela","code":"VE","geo":"6.42375,-66.58973","coverImageId":"117989287","coverImageURL":"https://ak-d.tripcdn.com/images/100q0h0000008ob8vB379.jpg?proc=source/trip","continentFormatName":"south-america","continentName":"South America","continentId":120005,"capitalId":"3-811","capitalName":"Caracas","capitalCode":"CCS","showName":"Venezuela","showOnMap":false},{"id":100239,"name":"Bhutan","enName":"Bhutan","formatName":"bhutan","code":"BT","geo":"27.514162,90.4336","coverImageId":"268551469","coverImageURL":"https://ak-d.tripcdn.com/images/100w0s000000if4qw39FC.jpg?proc=source/trip","continentFormatName":"asia","continentName":"Asia","continentId":120001,"capitalId":"3-59715","capitalName":"Thimphu","capitalCode":"PBH","showName":"Bhutan","showOnMap":false},{"id":100238,"name":"Kyrgyzstan","enName":"Kyrgyzstan","formatName":"kyrgyzstan","code":"KG","geo":"41.20438,74.7661","coverImageId":"0","coverImageURL":"https://ak-d.tripcdn.com/images/100n160000010omgrB847.jpg?proc=source/trip","continentFormatName":"asia","continentName":"Asia","continentId":120001,"capitalId":"3-642","capitalName":"Bishkek","capitalCode":"FRU","showName":"Kyrgyzstan","showOnMap":false},{"id":100240,"name":"Tajikistan","enName":"Tajikistan","formatName":"tajikistan","code":"TJ","geo":"38.861034,71.27609","coverImageId":"0","coverImageURL":"https://ak-d.tripcdn.com/images/100n160000010omgrB847.jpg?proc=source/trip","continentFormatName":"asia","continentName":"Asia","continentId":120001,"capitalId":"3-4160","capitalName":"Dushanbe","capitalCode":"DYU","showName":"Tajikistan","showOnMap":false},{"id":100243,"name":"Uzbekistan","enName":"Uzbekistan","formatName":"uzbekistan","code":"UZ","geo":"41.37749,64.58526","coverImageId":"0","coverImageURL":"https://ak-d.tripcdn.com/images/100l0y000000ly6hw8AA7.jpg?proc=source/trip","continentFormatName":"asia","continentName":"Asia","continentId":120001,"capitalId":"3-639","capitalName":"Tashkent","capitalCode":"TAS","showName":"Uzbekistan","showOnMap":false},{"id":100242,"name":"Timor-Leste","enName":"Timor-Leste","formatName":"timor-leste","code":"TL","geo":"-8.874217,125.72754","coverImageId":"304847409","coverImageURL":"https://ak-d.tripcdn.com/images/100t10000000penanF936.jpg?proc=source/trip","continentFormatName":"asia","continentName":"Asia","continentId":120001,"capitalId":"3-5189","capitalName":"Dili","capitalCode":"DIL","showName":"Timor-Leste","showOnMap":false},{"id":20372,"name":"Armenia","enName":"Armenia","formatName":"armenia","code":"AM","geo":"40.0691,45.03819","coverImageId":"0","coverImageURL":"https://ak-d.tripcdn.com/images/1006070000002i55q2B0B.jpg?proc=source/trip","continentFormatName":"europe","continentName":"Europe","continentId":120002,"capitalId":"3-3245","capitalName":"Yerevan","capitalCode":"EVN","showName":"Armenia","showOnMap":false},{"id":21396,"name":"Singapore","enName":"Singapore","formatName":"singapore","code":"SG","geo":"1.352083,103.81984","coverImageId":"63029137","coverImageURL":"https://ak-d.tripcdn.com/images/fd/tg/g4/M05/B2/24/CggYHFZ4wWiAKCnuADUUoCnU8w4935.jpg?proc=source/trip","continentFormatName":"asia","continentName":"Asia","continentId":120001,"capitalId":"3-73","capitalName":"Singapore","capitalCode":"SIN","showName":"Singapore","showOnMap":false},{"id":100245,"name":"Tonga","enName":"Tonga","formatName":"tonga","code":"TO","geo":"-21.178986,-175.19824","coverImageId":"0","coverImageURL":"https://ak-d.tripcdn.com/images/100m0m000000dn96k06F5.jpg?proc=source/trip","continentFormatName":"oceania","continentName":"Oceania","continentId":120003,"capitalId":"3-36478","capitalName":"Nukualofa","capitalCode":"TBU","showName":"Tonga","showOnMap":false},{"id":100244,"name":"Iraq","enName":"Iraq","formatName":"iraq","code":"IQ","geo":"33.22319,43.67929","coverImageId":"295255659","coverImageURL":"https://ak-d.tripcdn.com/images/100d0y000000m2nni4DC0.jpg?proc=source/trip","continentFormatName":"asia","continentName":"Asia","continentId":120001,"capitalId":"3-822","capitalName":"Baghdad","capitalCode":"BGW","showName":"Iraq","showOnMap":false},{"id":100247,"name":"American Samoa","enName":"American Samoa","formatName":"american-samoa","code":"AS","geo":"-14.306021,-170.69618","coverImageId":"0","coverImageURL":"https://ak-d.tripcdn.com/images/010591200086jos7a3EE7.png?proc=source/trip","continentFormatName":"oceania","continentName":"Oceania","continentId":120003,"capitalId":"3-5643","capitalName":"Pago Pago","capitalCode":"PPG","showName":"American Samoa","showOnMap":false},{"id":20375,"name":"Azerbaijan","enName":"Azerbaijan","formatName":"azerbaijan","code":"AZ","geo":"40.143105,47.576927","coverImageId":"113374419","coverImageURL":"https://ak-d.tripcdn.com/images/100r0e00000078uk83F35.jpg?proc=source/trip","continentFormatName":"asia","continentName":"Asia","continentId":120001,"capitalId":"3-650","capitalName":"Baku","capitalCode":"BAK","showName":"Azerbaijan","showOnMap":false},{"id":100246,"name":"Marshall Islands","enName":"Marshall Islands","formatName":"marshall-islands","code":"MH","geo":"6.0683017,171.98938","coverImageId":"3451232","coverImageURL":"https://youimg1.tripcdn.com/target/20030y000000m74xk6230.jpg?proc=source/trip","continentFormatName":"oceania","continentName":"Oceania","continentId":120003,"capitalId":"3-7405","capitalName":"Majuro","capitalCode":"MAJ","showName":"Marshall Islands","showOnMap":false},{"id":100251,"name":"Solomon Islands","enName":"Solomon Islands","formatName":"solomon-islands","code":"SB","geo":"-9.64571,160.15619","coverImageId":"0","coverImageURL":"https://ak-d.tripcdn.com/images/100n160000010omgrB847.jpg?proc=source/trip","continentFormatName":"oceania","continentName":"Oceania","continentId":120003,"capitalId":"3-6909","capitalName":"Honiara","capitalCode":"HIR","showName":"Solomon Islands","showOnMap":false},{"id":100252,"name":"Micronesia","enName":"Micronesia","formatName":"micronesia","code":"FM","geo":"6.887481,158.21507","coverImageId":"0","coverImageURL":"https://ak-d.tripcdn.com/images/0ww0n120006pdws4q651D.jpg?proc=source/trip","continentFormatName":"oceania","continentName":"Oceania","continentId":120003,"capitalId":"3-321825","capitalName":"Kolonia","capitalCode":"PNI","showName":"Micronesia","showOnMap":false},{"id":100254,"name":"Palau","enName":"Palau","formatName":"palau","code":"PW","geo":"7.51498,134.58252","coverImageId":"117400732","coverImageURL":"https://ak-d.tripcdn.com/images/100n0g00000086r65BBEF.jpg?proc=source/trip","continentFormatName":"oceania","continentName":"Oceania","continentId":120003,"capitalId":"3-5780","capitalName":"Koror","capitalCode":"ROR","showName":"Palau","showOnMap":false},{"id":100256,"name":"Papua New Guinea","enName":"Papua New Guinea","formatName":"papua-new-guinea","code":"PG","geo":"-6.314993,143.95555","coverImageId":"22055956","coverImageURL":"https://ak-d.tripcdn.com/images/tg/120/759/479/02cf78fc4bce4711aec97a14275362bd.jpg?proc=source/trip","continentFormatName":"oceania","continentName":"Oceania","continentId":120003,"capitalId":"3-859","capitalName":"Port Moresby","capitalCode":"POM","showName":"Papua New Guinea","showOnMap":false},{"id":100259,"name":"Bolivia","enName":"Bolivia","formatName":"bolivia","code":"BO","geo":"-16.290154,-63.588654","coverImageId":"117919632","coverImageURL":"https://ak-d.tripcdn.com/images/10021f000001gxedeF521.jpg?proc=source/trip","continentFormatName":"south-america","continentName":"South America","continentId":120005,"capitalId":"3-5933","capitalName":"Sucre","capitalCode":"SRE","showName":"Bolivia","showOnMap":false},{"id":100261,"name":"Luxembourg","enName":"Luxembourg","formatName":"luxembourg","code":"LU","geo":"49.815273,6.129583","coverImageId":"8992943","coverImageURL":"https://ak-d.tripcdn.com/images/fd/tg/g6/M0B/DE/C0/CggYs1bIrw2ADj7OAAP8GU4HGp4346.jpg?proc=source/trip","continentFormatName":"europe","continentName":"Europe","continentId":120002,"capitalId":"3-665","capitalName":"Luxembourg","capitalCode":"LUX","showName":"Luxembourg","showOnMap":false},{"id":100260,"name":"Uruguay","enName":"Uruguay","formatName":"uruguay","code":"UY","geo":"-32.522778,-55.765835","coverImageId":"0","coverImageURL":"https://ak-d.tripcdn.com/images/100n160000010omgrB847.jpg?proc=source/trip","continentFormatName":"south-america","continentName":"South America","continentId":120005,"capitalId":"3-770","capitalName":"Montevideo","capitalCode":"MVD","showName":"Uruguay","showOnMap":false},{"id":20391,"name":"Mongolia","enName":"Mongolia","formatName":"mongolia","code":"MN","geo":"46.862495,103.84666","coverImageId":"20908762","coverImageURL":"https://ak-d.tripcdn.com/images/tg/229/678/075/2579385e0c004893af7ba0ef7d670683.jpg?proc=source/trip","continentFormatName":"asia","continentName":"Asia","continentId":120001,"capitalId":"3-483","capitalName":"Ulaanbaatar","capitalCode":"ULN","showName":"Mongolia","showOnMap":false},{"id":110000,"name":"Mainland China","enName":"Mainland China","formatName":"china","code":"CN","geo":"35.86166,104.1954","coverImageId":"17006975","coverImageURL":"https://ak-d.tripcdn.com/images/fd/tg/g2/M01/89/05/CghzgFWwuo-AeLWJAAMpGSD0ZeI636.jpg?proc=source/trip","continentFormatName":"asia","continentName":"Asia","continentId":120001,"capitalId":"3-1","capitalName":"Beijing","capitalCode":"BJS","showName":"Mainland China","showOnMap":false},{"id":100021,"name":"Thailand","enName":"Thailand","formatName":"thailand","code":"TH","geo":"15.870032,100.99254","coverImageId":"21986807","coverImageURL":"https://ak-d.tripcdn.com/images/fd/tg/g1/M06/CA/CE/CghzflWw392Aeqq0ABjXMP41wIk420.jpg?proc=source/trip","continentFormatName":"asia","continentName":"Asia","continentId":120001,"capitalId":"3-359","capitalName":"Bangkok","capitalCode":"BKK","showName":"Thailand","showOnMap":false},{"id":100023,"name":"Belgium","enName":"Belgium","formatName":"belgium","code":"BE","geo":"50.503887,4.469936","coverImageId":"9933552","coverImageURL":"https://ak-d.tripcdn.com/images/fd/tg/g4/M05/00/4C/CggYHFbSXEOALtvwAAZpVh3oKPY298.jpg?proc=source/trip","continentFormatName":"europe","continentName":"Europe","continentId":120002,"capitalId":"3-196","capitalName":"Brussels","capitalCode":"BRU","showName":"Belgium","showOnMap":false},{"id":100022,"name":"Malaysia","enName":"Malaysia","formatName":"malaysia","code":"MY","geo":"4.210484,101.97577","coverImageId":"1303137","coverImageURL":"https://ak-d.tripcdn.com/images/tg/066/221/475/3335939f2fdf4650ab6998ba001e0106.jpg?proc=source/trip","continentFormatName":"asia","continentName":"Asia","continentId":120001,"capitalId":"3-315","capitalName":"Kuala Lumpur","capitalCode":"KUL","showName":"Malaysia","showOnMap":false},{"id":100025,"name":"Germany","enName":"Germany","formatName":"germany","code":"DE","geo":"51.16569,10.451526","coverImageId":"51686155","coverImageURL":"https://ak-d.tripcdn.com/images/100e1f000001gt0bw396F.jpg?proc=source/trip","continentFormatName":"europe","continentName":"Europe","continentId":120002,"capitalId":"3-193","capitalName":"Berlin","capitalCode":"BER","showName":"Germany","showOnMap":false},{"id":100024,"name":"France","enName":"France","formatName":"france","code":"FR","geo":"46.22764,2.213749","coverImageId":"67144562","coverImageURL":"https://ak-d.tripcdn.com/images/100s1f000001gx5kk2062.jpg?proc=source/trip","continentFormatName":"europe","continentName":"Europe","continentId":120002,"capitalId":"3-192","capitalName":"Paris","capitalCode":"PAR","showName":"France","showOnMap":false},{"id":100027,"name":"Austria","enName":"Austria","formatName":"austria","code":"AT","geo":"47.51623,14.550072","coverImageId":"23092772","coverImageURL":"https://ak-d.tripcdn.com/images/fd/tg/g2/M00/8F/0E/CghzgFWxE8GAXS2uAAgLDk5yvcI814.jpg?proc=source/trip","continentFormatName":"europe","continentName":"Europe","continentId":120002,"capitalId":"3-651","capitalName":"Vienna","capitalCode":"VIE","showName":"Austria","showOnMap":false},{"id":100026,"name":"Italy","enName":"Italy","formatName":"italy","code":"IT","geo":"41.87194,12.56738","coverImageId":"28900946","coverImageURL":"https://ak-d.tripcdn.com/images/fd/tg/g1/M0A/C9/86/CghzflWwy-2AE01WAIOrwbjIeAM363.jpg?proc=source/trip","continentFormatName":"europe","continentName":"Europe","continentId":120002,"capitalId":"3-343","capitalName":"Rome","capitalCode":"ROM","showName":"Italy","showOnMap":false},{"id":100029,"name":"Canada","enName":"Canada","formatName":"canada","code":"CA","geo":"56.130367,-106.34677","coverImageId":"67143743","coverImageURL":"https://ak-d.tripcdn.com/images/fd/tg/g6/M06/6F/CA/CggYs1bvknuAIlBOABiZDwdWFVk644.jpg?proc=source/trip","continentFormatName":"north-america","continentName":"North America","continentId":120004,"capitalId":"3-760","capitalName":"Ottawa","capitalCode":"YOW","showName":"Canada","showOnMap":false},{"id":444,"name":"Mauritius","enName":"Mauritius","formatName":"mauritius","code":"MU","geo":"-20.348404,57.55215","coverImageId":"302850368","coverImageURL":"https://ak-d.tripcdn.com/images/100n0z000000nldvr384C.jpg?proc=source/trip","continentFormatName":"africa","continentName":"Africa","continentId":120006,"capitalId":"3-5785","capitalName":"Port Louis","capitalCode":"MRU","showName":"Mauritius","showOnMap":false},{"id":100028,"name":"Netherlands","enName":"Netherlands","formatName":"netherlands","code":"NL","geo":"52.132633,5.291266","coverImageId":"15332620","coverImageURL":"https://ak-d.tripcdn.com/images/fd/tg/g1/M03/CC/E7/CghzflWw__yAbRXdAAX3K5R7mcc212.jpg?proc=source/trip","continentFormatName":"europe","continentName":"Europe","continentId":120002,"capitalId":"3-176","capitalName":"Amsterdam","capitalCode":"AMS","showName":"Netherlands","showOnMap":false},{"id":100030,"name":"Egypt","enName":"Egypt","formatName":"egypt","code":"EG","geo":"26.820553,30.802498","coverImageId":"18289096","coverImageURL":"https://ak-d.tripcdn.com/images/fd/tg/g2/M09/8D/E4/Cghzf1WxBtqAYJ9UABKmlgb_TmY531.jpg?proc=source/trip","continentFormatName":"africa","continentName":"Africa","continentId":120006,"capitalId":"3-332","capitalName":"Cairo","capitalCode":"CAI","showName":"Egypt","showOnMap":false},{"id":100035,"name":"Spain","enName":"Spain","formatName":"spain","code":"ES","geo":"40.46367,-3.74922","coverImageId":"25448770","coverImageURL":"https://ak-d.tripcdn.com/images/fd/tg/g1/M01/7D/14/CghzfFWwzhWARE8eAD3ntqtD8Aw472.jpg?proc=source/trip","continentFormatName":"europe","continentName":"Europe","continentId":120002,"capitalId":"3-357","capitalName":"Madrid","capitalCode":"MAD","showName":"Spain","showOnMap":false},{"id":100036,"name":"Greece","enName":"Greece","formatName":"greece","code":"GR","geo":"39.074207,21.824312","coverImageId":"68889516","coverImageURL":"https://ak-d.tripcdn.com/images/fd/tg/g6/M02/00/73/CggYs1cfF7qAU_kuAArgoZBEnXw227.jpg?proc=source/trip","continentFormatName":"europe","continentName":"Europe","continentId":120002,"capitalId":"3-710","capitalName":"Athens","capitalCode":"ATH","showName":"Greece","showOnMap":false},{"id":20422,"name":"Samoa","enName":"Samoa","formatName":"samoa","code":"WS","geo":"-13.759029,-172.10463","coverImageId":"117407657","coverImageURL":"https://ak-d.tripcdn.com/images/100s0g00000086uww20D1.jpg?proc=source/trip","continentFormatName":"oceania","continentName":"Oceania","continentId":120003,"capitalId":"3-4371","capitalName":"Apia","capitalCode":"APW","showName":"Samoa","showOnMap":false},{"id":100041,"name":"Japan","enName":"Japan","formatName":"japan","code":"JP","geo":"36.204823,138.25293","coverImageId":"305313561","coverImageURL":"https://ak-d.tripcdn.com/images/100110000000qfs9mE3E1.jpg?proc=source/trip","continentFormatName":"asia","continentName":"Asia","continentId":120001,"capitalId":"3-228","capitalName":"Tokyo","capitalCode":"TYO","showName":"Japan","showOnMap":false},{"id":20426,"name":"Cook Islands","enName":"Cook Islands","formatName":"cook-islands","code":"CK","geo":"-21.236736,-159.77766","coverImageId":"14946825","coverImageURL":"https://ak-d.tripcdn.com/images/tg/672/141/082/a8c8edbb627940d7aa087ff8ca6d369b.jpg?proc=source/trip","continentFormatName":"oceania","continentName":"Oceania","continentId":120003,"capitalId":"3-36473","capitalName":"Avarua","capitalCode":"RAR","showName":"Cook Islands","showOnMap":false},{"id":100042,"name":"South Korea","enName":"South Korea","formatName":"south-korea","code":"KR","geo":"35.907757,127.76692","coverImageId":"51985986","coverImageURL":"https://ak-d.tripcdn.com/images/fd/tg/g4/M01/4B/7E/CggYHVXLH6SANnQCABvCk8Y79VY292.jpg?proc=source/trip","continentFormatName":"asia","continentName":"Asia","continentId":120001,"capitalId":"3-274","capitalName":"Seoul","capitalCode":"SEL","showName":"South Korea","showOnMap":false},{"id":100045,"name":"Indonesia","enName":"Indonesia","formatName":"indonesia","code":"ID","geo":"-0.789275,113.921326","coverImageId":"28974287","coverImageURL":"https://ak-d.tripcdn.com/images/fd/tg/g1/M00/79/D0/CghzfFWwp1qAbKLtACn-SA3lnxk428.jpg?proc=source/trip","continentFormatName":"asia","continentName":"Asia","continentId":120001,"capitalId":"3-524","capitalName":"Jakarta","capitalCode":"JKT","showName":"Indonesia","showOnMap":false},{"id":100044,"name":"Philippines","enName":"Philippines","formatName":"philippines","code":"PH","geo":"12.879721,121.77402","coverImageId":"14786830","coverImageURL":"https://ak-d.tripcdn.com/images/tg/067/914/761/af6a6e86fb9446529fb47b1a4d1ac8e3.jpg?proc=source/trip","continentFormatName":"asia","continentName":"Asia","continentId":120001,"capitalId":"3-364","capitalName":"Manila","capitalCode":"MNL","showName":"Philippines","showOnMap":false},{"id":100047,"name":"United States","enName":"United States","formatName":"united-states","code":"US","geo":"37.09024,-95.71289","coverImageId":"52555122","coverImageURL":"https://ak-d.tripcdn.com/images/100i1f000001gp21rCDD4.jpg?proc=source/trip","continentFormatName":"north-america","continentName":"North America","continentId":120004,"capitalId":"3-633","capitalName":"New York","capitalCode":"NYC","showName":"United States","showOnMap":false},{"id":100046,"name":"Vietnam","enName":"Vietnam","formatName":"vietnam","code":"VN","geo":"14.058324,108.2772","coverImageId":"41752388","coverImageURL":"https://ak-d.tripcdn.com/images/100h1f000001grtyg835C.jpg?proc=source/trip","continentFormatName":"asia","continentName":"Asia","continentId":120001,"capitalId":"3-286","capitalName":"Hanoi","capitalCode":"HAN","showName":"Vietnam","showOnMap":false},{"id":100049,"name":"South Africa","enName":"South Africa","formatName":"south-africa","code":"ZA","geo":"-30.559483,22.937506","coverImageId":"10508381","coverImageURL":"https://ak-d.tripcdn.com/images/tg/239/662/089/a7855dd5f57f48b7a3c6211ca8e79cad.jpg?proc=source/trip","continentFormatName":"africa","continentName":"Africa","continentId":120006,"capitalId":"3-683","capitalName":"Cape Town","capitalCode":"CPT","showName":"South Africa","showOnMap":false},{"id":100048,"name":"Australia","enName":"Australia","formatName":"australia","code":"AU","geo":"-25.274399,133.77513","coverImageId":"23571804","coverImageURL":"https://ak-d.tripcdn.com/images/fd/tg/g1/M01/C8/1B/CghzflWwuKaAATqVAA4K_l8xcIk441.jpg?proc=source/trip","continentFormatName":"oceania","continentName":"Oceania","continentId":120003,"capitalId":"3-679","capitalName":"Canberra","capitalCode":"CBR","showName":"Australia","showOnMap":false},{"id":100050,"name":"Switzerland","enName":"Switzerland","formatName":"switzerland","code":"CH","geo":"46.818188,8.227512","coverImageId":"71424594","coverImageURL":"https://ak-d.tripcdn.com/images/100f050000000kxs16470.jpg?proc=source/trip","continentFormatName":"europe","continentName":"Europe","continentId":120002,"capitalId":"3-834","capitalName":"Bern","capitalCode":"BRN","showName":"Switzerland","showOnMap":false},{"id":100069,"name":"Denmark","enName":"Denmark","formatName":"denmark","code":"DK","geo":"56.26392,9.501785","coverImageId":"14863964","coverImageURL":"https://ak-d.tripcdn.com/images/fd/tg/g2/M08/2C/6B/CghzgVW2FIeAe9oMAAjsllsNg0Y984.jpg?proc=source/trip","continentFormatName":"europe","continentName":"Europe","continentId":120002,"capitalId":"3-260","capitalName":"Copenhagen","capitalCode":"CPH","showName":"Denmark","showOnMap":false},{"id":100073,"name":"Türkiye","enName":"Turkey","formatName":"turkey","code":"TR","geo":"38.963745,35.24332","coverImageId":"27857305","coverImageURL":"https://ak-d.tripcdn.com/images/fd/tg/g1/M02/02/A5/CghzfFVIPASANskxABmaqEV-DFA267.jpg?proc=source/trip","continentFormatName":"asia","continentName":"Asia","continentId":120001,"capitalId":"3-1218","capitalName":"Ankara","capitalCode":"ANK","showName":"Türkiye","showOnMap":false},{"id":1512,"name":"Bahrain","enName":"Bahrain","formatName":"bahrain","code":"BH","geo":"26.0667,50.5577","coverImageId":"293799651","coverImageURL":"https://ak-d.tripcdn.com/images/10050y000000m2f2yD054.jpg?proc=source/trip","continentFormatName":"asia","continentName":"Asia","continentId":120001,"capitalId":"3-19695","capitalName":"Manama","capitalCode":"BAH","showName":"Bahrain","showOnMap":false},{"id":100075,"name":"Malta","enName":"Malta","formatName":"malta","code":"MT","geo":"35.937496,14.375416","coverImageId":"73874726","coverImageURL":"https://ak-d.tripcdn.com/images/100v06000000166br1D51.jpg?proc=source/trip","continentFormatName":"europe","continentName":"Europe","continentId":120002,"capitalId":"3-1214","capitalName":"Valletta","capitalCode":"MLA","showName":"Malta","showOnMap":false},{"id":120555,"name":"Palestine","enName":"Palestine","formatName":"palestine","code":"PS","geo":"31.952162,35.233154","coverImageId":"0","coverImageURL":"https://youimg1.tripcdn.com/target/200d190000016193s32FB.jpg?proc=source/trip","continentFormatName":"asia","continentName":"Asia","continentId":120001,"capitalId":"3-28881","capitalName":"Palestine","capitalCode":"PSN","showName":"Palestine","showOnMap":false},{"id":100074,"name":"Israel","enName":"Israel","formatName":"israel","code":"IL","geo":"31.046051,34.851612","coverImageId":"305571240","coverImageURL":"https://ak-d.tripcdn.com/images/100211000000qis7o7456.jpg?proc=source/trip","continentFormatName":"asia","continentName":"Asia","continentId":120001,"capitalId":"3-462","capitalName":"Tel Aviv Yafo","capitalCode":"TLV","showName":"Israel","showOnMap":false},{"id":100077,"name":"Myanmar","enName":"Myanmar","formatName":"myanmar","code":"MM","geo":"21.916222,95.95597","coverImageId":"119967304","coverImageURL":"https://ak-d.tripcdn.com/images/10010i00000097uc33264.jpg?proc=source/trip","continentFormatName":"asia","continentName":"Asia","continentId":120001,"capitalId":"3-61758","capitalName":"Naypyidaw","capitalCode":"NYT","showName":"Myanmar","showOnMap":false},{"id":100076,"name":"Taiwan","enName":"Taiwan","formatName":"taiwan","code":"TW","geo":"25.041649,121.54373","coverImageId":"17115253","coverImageURL":"https://ak-d.tripcdn.com/images/fd/tg/g1/M01/7C/57/CghzfFWwwvWAZfVdACKVHDIOcb4670.jpg?proc=source/trip","continentFormatName":"asia","continentName":"Asia","continentId":120001,"capitalId":"3-617","capitalName":"Taipei","capitalCode":"TPE","showName":"Taiwan","showOnMap":false},{"id":100079,"name":"Nepal","enName":"Nepal","formatName":"nepal","code":"NP","geo":"28.394857,84.12401","coverImageId":"24453916","coverImageURL":"https://ak-d.tripcdn.com/images/fd/tg/g1/M05/7F/8F/CghzfFWw9MWAX7l6AC3qk9VhL-s419.jpg?proc=source/trip","continentFormatName":"asia","continentName":"Asia","continentId":120001,"capitalId":"3-304","capitalName":"Kathmandu","capitalCode":"KTM","showName":"Nepal","showOnMap":false},{"id":100078,"name":"New Zealand","enName":"New Zealand","formatName":"new-zealand","code":"NZ","geo":"-40.90056,174.88597","coverImageId":"30911635","coverImageURL":"https://ak-d.tripcdn.com/images/100m1f000001gznb9BC28.jpg?proc=source/trip","continentFormatName":"oceania","continentName":"Oceania","continentId":120003,"capitalId":"3-843","capitalName":"Wellington","capitalCode":"WLG","showName":"New Zealand","showOnMap":false},{"id":100081,"name":"Cambodia","enName":"Cambodia","formatName":"cambodia","code":"KH","geo":"12.565679,104.99097","coverImageId":"26180206","coverImageURL":"https://ak-d.tripcdn.com/images/fd/tg/g1/M03/7A/08/CghzfFWwqRyAD9K6ABNM5X1mkgE083.jpg?proc=source/trip","continentFormatName":"asia","continentName":"Asia","continentId":120001,"capitalId":"3-303","capitalName":"Phnom Penh","capitalCode":"PNH","showName":"Cambodia","showOnMap":false},{"id":100080,"name":"India","enName":"India","formatName":"india","code":"IN","geo":"20.593683,78.96288","coverImageId":"25404992","coverImageURL":"https://ak-d.tripcdn.com/images/fd/tg/g1/M05/4A/56/CghzflT1a5eATHhmAAIlDWDdS9M051.jpg?proc=source/trip","continentFormatName":"asia","continentName":"Asia","continentId":120001,"capitalId":"3-495","capitalName":"New Delhi","capitalCode":"DEL","showName":"India","showOnMap":false},{"id":100083,"name":"Russia","enName":"Russia","formatName":"russia","code":"RU","geo":"61.52401,105.318756","coverImageId":"88959676","coverImageURL":"https://ak-d.tripcdn.com/images/10050a0000004xyzo1CB3.jpg?proc=source/trip","continentFormatName":"europe","continentName":"Europe","continentId":120002,"capitalId":"3-366","capitalName":"Moscow","capitalCode":"MOW","showName":"Russia","showOnMap":false},{"id":100085,"name":"Jordan","enName":"Jordan","formatName":"jordan","code":"JO","geo":"30.585163,36.238415","coverImageId":"3435236","coverImageURL":"https://ak-d.tripcdn.com/images/tg/564/080/186/2f6e2f2327874d3889f6011cbbdc0ed6.jpg?proc=source/trip","continentFormatName":"asia","continentName":"Asia","continentId":120001,"capitalId":"3-1282","capitalName":"Amman","capitalCode":"AMM","showName":"Jordan","showOnMap":false},{"id":100084,"name":"Sri Lanka","enName":"Sri Lanka","formatName":"sri-lanka","code":"LK","geo":"7.873054,80.7718","coverImageId":"110984654","coverImageURL":"https://ak-d.tripcdn.com/images/100k0d0000006x8vv15EE.jpg?proc=source/trip","continentFormatName":"asia","continentName":"Asia","continentId":120001,"capitalId":"3-810","capitalName":"Colombo","capitalCode":"CMB","showName":"Sri Lanka","showOnMap":false},{"id":100087,"name":"Kenya","enName":"Kenya","formatName":"kenya","code":"KE","geo":"-0.023559,37.906193","coverImageId":"116004871","coverImageURL":"https://ak-d.tripcdn.com/images/10060g0000007qhjbD6EE.jpg?proc=source/trip","continentFormatName":"africa","continentName":"Africa","continentId":120006,"capitalId":"3-825","capitalName":"Nairobi","capitalCode":"NBO","showName":"Kenya","showOnMap":false},{"id":100089,"name":"Brunei Darussalam","enName":"Brunei Darussalam","formatName":"brunei-darussalam","code":"BN","geo":"4.535277,114.72767","coverImageId":"117145102","coverImageURL":"https://ak-d.tripcdn.com/images/100d0g00000080gqh8956.jpg?proc=source/trip","continentFormatName":"asia","continentName":"Asia","continentId":120001,"capitalId":"3-4048","capitalName":"Bandar Seri Begawan","capitalCode":"BWN","showName":"Brunei Darussalam","showOnMap":false},{"id":100090,"name":"Ireland","enName":"Ireland","formatName":"ireland","code":"IE","geo":"53.41291,-8.24389","coverImageId":"8006946","coverImageURL":"https://ak-d.tripcdn.com/images/tg/693/604/314/a1aac65280dd4f03b80145c3e616727f.jpg?proc=source/trip","continentFormatName":"europe","continentName":"Europe","continentId":120002,"capitalId":"3-803","capitalName":"Dublin","capitalCode":"DUB","showName":"Ireland","showOnMap":false},{"id":100092,"name":"Finland","enName":"Finland","formatName":"finland","code":"FI","geo":"61.92411,25.748152","coverImageId":"26257226","coverImageURL":"https://ak-d.tripcdn.com/images/fd/tg/g1/M05/CC/D6/CghzflWw_vyAGCQEABc1F7q2DyM290.jpg?proc=source/trip","continentFormatName":"europe","continentName":"Europe","continentId":120002,"capitalId":"3-277","capitalName":"Helsinki","capitalCode":"HEL","showName":"Finland","showOnMap":false},{"id":100095,"name":"Syria","enName":"Syria","formatName":"syria","code":"SY","geo":"34.802074,38.996815","coverImageId":"305438619","coverImageURL":"https://ak-d.tripcdn.com/images/100f10000000q7g4eF608.jpg?proc=source/trip","continentFormatName":"asia","continentName":"Asia","continentId":120001,"capitalId":"3-839","capitalName":"Damascus","capitalCode":"DAM","showName":"Syria","showOnMap":false},{"id":100094,"name":"Czech Republic","enName":"Czech Republic","formatName":"czech-republic","code":"CZ","geo":"49.817493,15.472962","coverImageId":"291828721","coverImageURL":"https://ak-d.tripcdn.com/images/100h0y000000lp8ymDB76.jpg?proc=source/trip","continentFormatName":"europe","continentName":"Europe","continentId":120002,"capitalId":"3-1288","capitalName":"Prague","capitalCode":"PRG","showName":"Czech Republic","showOnMap":false}]}